givenName,Surname,email
Gavin,Welch,Gavin.Welch@hniglabs.com
Theresa,Bolt,Theresa.Bolt@hniglabs.com
Gaynor,Gurm,Gaynor.Gurm@hniglabs.com
Tina,Miller,Tina.Miller@hniglabs.com
George,Barchha,George.Barchha@hniglabs.com
Trevor,Reece,Trevor.Reece@hniglabs.com
Georgie,Jeyapragasam,Georgie.Jeyapragasam@hniglabs.com
Trudy,Sethi,Trudy.Sethi@hniglabs.com
Georgiina,Gajri,Georgiina.Gajri@hniglabs.com
Val,Horne,Val.Horne@hniglabs.com
Georgina,Nahar,Georgina.Nahar@hniglabs.com
Valerie,Prior,Valerie.Prior@hniglabs.com
Gill,Williams,Gill.Williams@hniglabs.com
Valerie,Andrews,Valerie.Andrews@hniglabs.com
Gill,Farrand,Gill.Farrand@hniglabs.com
Valerie,Owens,Valerie.Owens@hniglabs.com
Gillian,Powell,Gillian.Powell@hniglabs.com
Veronica,Pettersen,Veronica.Pettersen@hniglabs.com
Gurdip,Grewal,Gurdip.Grewal@hniglabs.com
Victoria,Richardson,Victoria.Richardson@hniglabs.com
Harinder,Rahman,Harinder.Rahman@hniglabs.com
Vik,Kirby,Vik.Kirby@hniglabs.com
Harinder,Randhawa,Harinder.Randhawa@hniglabs.com
Vina,Naish,Vina.Naish@hniglabs.com
Harminder,Parmar,Harminder.Parmar@hniglabs.com
Wendy,Fyson,Wendy.Fyson@hniglabs.com
Hasina,Lall,Hasina.Lall@hniglabs.com
Yoke,Davies,Yoke.Davies@hniglabs.com
Hasu,Janjuh,Hasu.Janjuh@hniglabs.com
Yvette,Willis,Yvette.Willis@hniglabs.com
Hayley,Byron,Hayley.Byron@hniglabs.com
Yvonne,Bardall,Yvonne.Bardall@hniglabs.com
Hazel,Scott-Saunders,Hazel.Scott-Saunders@hniglabs.com
Yvonne,Sladen,Yvonne.Sladen@hniglabs.com
Helen,Beddell,Helen.Beddell@hniglabs.com
Zena,James,Zena.James@hniglabs.com
Helen,Bromley,Helen.Bromley@hniglabs.com
Helen,Cail,Helen.Cail@hniglabs.com
Herprit,Sear,Herprit.Sear@hniglabs.com
Hilary,Shortt,Hilary.Shortt@hniglabs.com
Hilary,Seaman,Hilary.Seaman@hniglabs.com
Hilary,Greenall,Hilary.Greenall@hniglabs.com
Hilary,Ramos,Hilary.Ramos@hniglabs.com
Hugh,Sharma,Hugh.Sharma@hniglabs.com
Imogen,Wills,Imogen.Wills@hniglabs.com
Indira,Hothi,Indira.Hothi@hniglabs.com
Iram,Tejani,Iram.Tejani@hniglabs.com
Irene,Weir,Irene.Weir@hniglabs.com
Judith,Woodland,Judith.Woodland@hniglabs.com
Judy,Mollo,Judy.Mollo@hniglabs.com
Julia,Brett,Julia.Brett@hniglabs.com
Julian,Morozgalska,Julian.Morozgalska@hniglabs.com
Julie,Chidley,Julie.Chidley@hniglabs.com
Julie,Forrester,Julie.Forrester@hniglabs.com
Julie,Blackwell,Julie.Blackwell@hniglabs.com
Julie,Hollinshead,Julie.Hollinshead@hniglabs.com
Julienne,Purcell,Julienne.Purcell@hniglabs.com
Kam,Bourdon,Kam.Bourdon@hniglabs.com
Karen,Roberts,Karen.Roberts@hniglabs.com
Karen,Stanton,Karen.Stanton@hniglabs.com
Karen,Ramparsad,Karen.Ramparsad@hniglabs.com
Karen,Shah,Karen.Shah@hniglabs.com
Katherine,Phipps,Katherine.Phipps@hniglabs.com
Katherine,O'Brien,Katherine.O'Brien@hniglabs.com
Katherine,Mayers,Katherine.Mayers@hniglabs.com
Kathleen,Davies,Kathleen.Davies@hniglabs.com
Kathy,Zuiker,Kathy.Zuiker@hniglabs.com
Kathy,Abdullahi,Kathy.Abdullahi@hniglabs.com
Kavita,Sheikh,Kavita.Sheikh@hniglabs.com
Kelly,Morrin,Kelly.Morrin@hniglabs.com
Kelly,Chatir,Kelly.Chatir@hniglabs.com
Kevin,Douglas,Kevin.Douglas@hniglabs.com
Kieron,Bells,Kieron.Bells@hniglabs.com
Kim,Taylor,Kim.Taylor@hniglabs.com
Kiran,Taylor,Kiran.Taylor@hniglabs.com
Laoise,Curtis,Laoise.Curtis@hniglabs.com
Lesley,Taggart,Lesley.Taggart@hniglabs.com
Lesley,Seltene,Lesley.Seltene@hniglabs.com
Lesley,Smith,Lesley.Smith@hniglabs.com
Lesley,Stanton,Lesley.Stanton@hniglabs.com
Lesley,Ahmad,Lesley.Ahmad@hniglabs.com
Lesley,Pereira,Lesley.Pereira@hniglabs.com
Linda,Rosa,Linda.Rosa@hniglabs.com
Linda,Lindsay,Linda.Lindsay@hniglabs.com
Linda,Munden,Linda.Munden@hniglabs.com
Linda,Dowden,Linda.Dowden@hniglabs.com
Linda,Volo,Linda.Volo@hniglabs.com
Lisa,Clarke,Lisa.Clarke@hniglabs.com
Liz,Sharma,Liz.Sharma@hniglabs.com
Lorraine,Rideout,Lorraine.Rideout@hniglabs.com
Lorraine,Oza,Lorraine.Oza@hniglabs.com
Louise,Roberts,Louise.Roberts@hniglabs.com
Louise,Bowers,Louise.Bowers@hniglabs.com
Louise,Fleming,Louise.Fleming@hniglabs.com
Louise,Doran,Louise.Doran@hniglabs.com
Lucia,Kearney,Lucia.Kearney@hniglabs.com
Lucy,Spratley,Lucy.Spratley@hniglabs.com
Luke,Smyth,Luke.Smyth@hniglabs.com
Lydia,Haines,Lydia.Haines@hniglabs.com
Aisha,Bhari,Aisha.Bhari@hniglabs.com
Alan,Reid,Alan.Reid@hniglabs.com
Alannah,Shaw,Alannah.Shaw@hniglabs.com
Aldith,Walker,Aldith.Walker@hniglabs.com
Aleisha,Harrison,Aleisha.Harrison@hniglabs.com
Alex,Heyne,Alex.Heyne@hniglabs.com
Alice,Mullins,Alice.Mullins@hniglabs.com
Alison,Pugh,Alison.Pugh@hniglabs.com
Alison,Lindsay,Alison.Lindsay@hniglabs.com
Almaz,Duggan,Almaz.Duggan@hniglabs.com
Amanda,Watters,Amanda.Watters@hniglabs.com
Amanda,Agrawal,Amanda.Agrawal@hniglabs.com
Ambrine,Berry,Ambrine.Berry@hniglabs.com
Amy,Lawrence,Amy.Lawrence@hniglabs.com
Ana,Williams,Ana.Williams@hniglabs.com
Ana,Hayes,Ana.Hayes@hniglabs.com
Andrea,Bennett,Andrea.Bennett@hniglabs.com
Andrea,Sharma,Andrea.Sharma@hniglabs.com
Andrew,O'Donnell,Andrew.O'Donnell@hniglabs.com
Andrew,O'Grady,Andrew.O'Grady@hniglabs.com
Andy,Crossley,Andy.Crossley@hniglabs.com
Aneeta,Dorking,Aneeta.Dorking@hniglabs.com
Angela,Hole,Angela.Hole@hniglabs.com
Anil,Hunt,Anil.Hunt@hniglabs.com
Ann,Parker,Ann.Parker@hniglabs.com
Anna,Taylor,Anna.Taylor@hniglabs.com
Annabella,Barry,Annabella.Barry@hniglabs.com
Anne,Pearce,Anne.Pearce@hniglabs.com
Anne,Schubert,Anne.Schubert@hniglabs.com
Annette,Thomas,Annette.Thomas@hniglabs.com
Annette,O'sullivan,Annette.O'sullivan@hniglabs.com
Annie,Mcqueen,Annie.Mcqueen@hniglabs.com
Annie,Gers,Annie.Gers@hniglabs.com
Avtar,Ellwood,Avtar.Ellwood@hniglabs.com
Barinder,Howe,Barinder.Howe@hniglabs.com
Barry,Butt,Barry.Butt@hniglabs.com
Bella,Forder,Bella.Forder@hniglabs.com
Bernadette,Hemming,Bernadette.Hemming@hniglabs.com
Bernadette,O'Connell,Bernadette.O'Connell@hniglabs.com
Bina,Faria,Bina.Faria@hniglabs.com
Bisi,Ivison,Bisi.Ivison@hniglabs.com
Bozena,Kirton,Bozena.Kirton@hniglabs.com
Bruce,Thillainayagam,Bruce.Thillainayagam@hniglabs.com
Carol,Wilson,Carol.Wilson@hniglabs.com
Carol,Reeves,Carol.Reeves@hniglabs.com
Carol,Okyere,Carol.Okyere@hniglabs.com
Carol,Tubby,Carol.Tubby@hniglabs.com
Carole,Malik,Carole.Malik@hniglabs.com
Pradip,Rasulian,Pradip.Rasulian@hniglabs.com
Caroline,Ball,Caroline.Ball@hniglabs.com
Prathee,Dar,Prathee.Dar@hniglabs.com
Catherine,Brah,Catherine.Brah@hniglabs.com
Priya,Smith,Priya.Smith@hniglabs.com
Chandra,Dhiman,Chandra.Dhiman@hniglabs.com
Punam,Elkington,Punam.Elkington@hniglabs.com
Charles,Ponton,Charles.Ponton@hniglabs.com
Rachael,Slough,Rachael.Slough@hniglabs.com
Charlotte,Leader,Charlotte.Leader@hniglabs.com
Rachel,Glennon,Rachel.Glennon@hniglabs.com
Charlotte,Bonsey,Charlotte.Bonsey@hniglabs.com
Rachel,Jones,Rachel.Jones@hniglabs.com
Charmian,Burslem,Charmian.Burslem@hniglabs.com
Rajdeep,Buckle,Rajdeep.Buckle@hniglabs.com
Chris,Majumdar,Chris.Majumdar@hniglabs.com
Rajinder,Lelliott,Rajinder.Lelliott@hniglabs.com
Chris,White,Chris.White@hniglabs.com
Rajinder,Mott,Rajinder.Mott@hniglabs.com
Chris,Corbett,Chris.Corbett@hniglabs.com
Ranjit,Mcilvenna,Ranjit.Mcilvenna@hniglabs.com
Chris,Pinn,Chris.Pinn@hniglabs.com
Ranjit,Rosset,Ranjit.Rosset@hniglabs.com
Chris,Phillips,Chris.Phillips@hniglabs.com
Ravi,Edmonds,Ravi.Edmonds@hniglabs.com
Chrissie,Varney,Chrissie.Varney@hniglabs.com
Rebecca,Vintin,Rebecca.Vintin@hniglabs.com
Christine,Love,Christine.Love@hniglabs.com
Rebecca,OShea,Rebecca.OShea@hniglabs.com
Claire,Hinckley,Claire.Hinckley@hniglabs.com
Richard,Bennett,Richard.Bennett@hniglabs.com
Clive,Spong,Clive.Spong@hniglabs.com
Rie,Hopkins,Rie.Hopkins@hniglabs.com
Colin,McDyer,Colin.McDyer@hniglabs.com
Robert,Henderson,Robert.Henderson@hniglabs.com
Corinne,Brown,Corinne.Brown@hniglabs.com
Roger,Purewal,Roger.Purewal@hniglabs.com
Danielle,D'Costa,Danielle.D'Costa@hniglabs.com
Roger,Rihal,Roger.Rihal@hniglabs.com
Darren,Nicholls,Darren.Nicholls@hniglabs.com
Rosalina,Ghatora,Rosalina.Ghatora@hniglabs.com
David,Marriott,David.Marriott@hniglabs.com
Rosemary,Jagdev,Rosemary.Jagdev@hniglabs.com
David,Hans,David.Hans@hniglabs.com
Rowena,Khan,Rowena.Khan@hniglabs.com
David,Lang,David.Lang@hniglabs.com
Rupinder,Zaveri,Rupinder.Zaveri@hniglabs.com
David,Abbott,David.Abbott@hniglabs.com
Ruth,Cherry,Ruth.Cherry@hniglabs.com
David,Ryan-Sak,David.Ryan-Sak@hniglabs.com
Sabi,Smith,Sabi.Smith@hniglabs.com
David,Gower,David.Gower@hniglabs.com
Salma,Green,Salma.Green@hniglabs.com
Davina,Nsiah,Davina.Nsiah@hniglabs.com
Sandra,Watson,Sandra.Watson@hniglabs.com
Dawn,Evans,Dawn.Evans@hniglabs.com
Sandy,Williams,Sandy.Williams@hniglabs.com
Dawn,Gates,Dawn.Gates@hniglabs.com
Sara,Rana,Sara.Rana@hniglabs.com
Debbie,Askew,Debbie.Askew@hniglabs.com
Sarah,Baker,Sarah.Baker@hniglabs.com
Debbie,Schlesinger,Debbie.Schlesinger@hniglabs.com
Sarah,Jones,Sarah.Jones@hniglabs.com
Debbie,Amissah,Debbie.Amissah@hniglabs.com
Sarah,Reilly,Sarah.Reilly@hniglabs.com
Debbie,Lisa,Debbie.Lisa@hniglabs.com
Sarah,Strudwick,Sarah.Strudwick@hniglabs.com
Debbie,Dalgliesh,Debbie.Dalgliesh@hniglabs.com
Sasha,Magee,Sasha.Magee@hniglabs.com
Debbie,Ashong,Debbie.Ashong@hniglabs.com
Sekani,Clulow,Sekani.Clulow@hniglabs.com
Debbie,Abdillahi,Debbie.Abdillahi@hniglabs.com
Shah,Gogia,Shah.Gogia@hniglabs.com
Deborah,Docherty,Deborah.Docherty@hniglabs.com
Sharmila,Hafri,Sharmila.Hafri@hniglabs.com
Debra,Lowe,Debra.Lowe@hniglabs.com
Sharnjit,Mcilroy,Sharnjit.Mcilroy@hniglabs.com
Dena,Guray,Dena.Guray@hniglabs.com
Sharon,Butler,Sharon.Butler@hniglabs.com
Denise,Ahadi,Denise.Ahadi@hniglabs.com
Sharon,Lalor,Sharon.Lalor@hniglabs.com
Denise,Dartnell,Denise.Dartnell@hniglabs.com
Sheena,Underwood,Sheena.Underwood@hniglabs.com
Diana,Williams,Diana.Williams@hniglabs.com
Sheetal,Stephens,Sheetal.Stephens@hniglabs.com
Diana,Samuda,Diana.Samuda@hniglabs.com
Shirley,Jaggi,Shirley.Jaggi@hniglabs.com
Diane,Hall,Diane.Hall@hniglabs.com
Sneh,Hedges,Sneh.Hedges@hniglabs.com
Diane,Jones,Diane.Jones@hniglabs.com
Sonal,Cooper,Sonal.Cooper@hniglabs.com
Donna,A'Bear,Donna.A'Bear@hniglabs.com
Sonia,Smith,Sonia.Smith@hniglabs.com
Doreen,Brown,Doreen.Brown@hniglabs.com
Stephen,Porter,Stephen.Porter@hniglabs.com
Dukh,Morgan,Dukh.Morgan@hniglabs.com
Stuart,Beauchamp,Stuart.Beauchamp@hniglabs.com
Elaine,West,Elaine.West@hniglabs.com
Sue,Sahota,Sue.Sahota@hniglabs.com
Elise,Daeth,Elise.Daeth@hniglabs.com
Sue,Chandarana,Sue.Chandarana@hniglabs.com
Elizabeth,Holloway,Elizabeth.Holloway@hniglabs.com
Sue,Dhami,Sue.Dhami@hniglabs.com
Ella,Amaral,Ella.Amaral@hniglabs.com
Sue,Malhotra,Sue.Malhotra@hniglabs.com
Emma,Gardner,Emma.Gardner@hniglabs.com
Sue,Andress,Sue.Andress@hniglabs.com
Emma,Silvester,Emma.Silvester@hniglabs.com
Sue,Cooper,Sue.Cooper@hniglabs.com
Emmanuel,Wan,Emmanuel.Wan@hniglabs.com
Sue,Reynolds,Sue.Reynolds@hniglabs.com
Eric,Paw,Eric.Paw@hniglabs.com
Sue,Swann,Sue.Swann@hniglabs.com
Famida,Ghtoray,Famida.Ghtoray@hniglabs.com
Sukhi,Samuel,Sukhi.Samuel@hniglabs.com
Ferzana,King,Ferzana.King@hniglabs.com
Sukhjit,Emmerson,Sukhjit.Emmerson@hniglabs.com
Finn,Redhead,Finn.Redhead@hniglabs.com
Suki,Murray,Suki.Murray@hniglabs.com
Fran,Durrant,Fran.Durrant@hniglabs.com
Sukvinder,Bacquenois,Sukvinder.Bacquenois@hniglabs.com
Francesca,Johnson,Francesca.Johnson@hniglabs.com
Susan,Hamilton,Susan.Hamilton@hniglabs.com
Frank,Warboys,Frank.Warboys@hniglabs.com
Susan,Yorke,Susan.Yorke@hniglabs.com
Gareth,Elgrew,Gareth.Elgrew@hniglabs.com
Tara,Fisher,Tara.Fisher@hniglabs.com
Garth,Gibbons,Garth.Gibbons@hniglabs.com
Techno,Culhane,Techno.Culhane@hniglabs.com
Gary,Hopkins,Gary.Hopkins@hniglabs.com
Teresa,Woods,Teresa.Woods@hniglabs.com
